shot_id,n_pass_nodes,n_pass_edges,n_passes_prev,pass_density,pass_clustering,pass_avg_path_length,pass_largest_eigenvalue,shooter_in_degree,shooter_out_degree,shooter_betweenness,shooter_eigenvector
bbc2c68d-c096-483d-abf4-32c0175a0f55,6,12,12,0.4,0.16666666666666666,1.8333333333333333,2.309205530806167,3.0,2.0,0.2,0.5173717248153872
b2c3d59d-3bef-4f8a-ad86-26b69940c64e,2,1,1,0.5,0.0,,0.0,1.0,0.0,0.0,0.0
bb53b537-1685-4019-9e8f-98f3805828eb,6,6,6,0.2,0.0,,1.0000000000000002,2.0,1.0,0.45,0.0
0247fb51-7bf7-4be6-82d7-bf63892bdd53,2,1,1,0.5,0.0,,0.0,1.0,0.0,0.0,0.0
5d2bf27b-dd07-4895-8744-1673b235fcec,2,1,1,0.5,0.0,,0.0,1.0,0.0,0.0,0.0
7350b239-c1ab-44b2-9c25-0387553bd338,2,1,1,0.5,0.0,,0.0,,,,
be78c5ab-d396-4c44-8253-d48373ead6b3,2,1,1,0.5,0.0,,0.0,,,,
8cf6ed6f-59f8-455f-8930-f5b71f06c180,8,6,6,0.10714285714285714,0.0,,0.0,1.0,0.0,0.0,0.0
68ccb2b1-d605-4f46-a725-de0ab09acb96,2,1,1,0.5,0.0,,0.0,1.0,0.0,0.0,0.0
df7d8278-f139-4102-9e6e-3c77d3d575c3,0,0,0,,,,,,,,
96146263-06f4-4694-8e44-44658af8b8f5,3,3,3,0.5,1.0,1.5,0.9999999999999999,1.0,1.0,0.5,0.5773502691896257
7b3398ab-6dae-42ec-8b11-0cd333d6b085,9,14,15,0.19444444444444445,0.2712926411988367,2.4097222222222223,1.891994862171111,2.0,1.0,0.1607142857142857,0.41681599034141387
5085715b-09f6-403c-8b67-a546bcfed0ec,7,11,11,0.2619047619047619,0.23809523809523808,,1.8793852415718169,2.0,1.0,0.0,0.0
ec3f4afc-df7d-4a53-98a2-508e21c040eb,7,9,9,0.21428571428571427,0.3333333333333333,,1.5213797068045667,2.0,1.0,0.06666666666666667,0.0
0af7b077-170b-4ca3-a61f-4ecb4aba33d1,0,0,0,,,,,,,,
d6a308ca-0f8f-44d5-ad64-aa8870e489ce,8,10,10,0.17857142857142858,0.20833333333333331,,1.4291083198381471,2.0,1.0,0.19047619047619047,0.0
4a223f2d-3c3f-4655-b561-9c43a03b0f42,3,2,2,0.3333333333333333,0.0,,0.0,1.0,0.0,0.0,0.0
dcc0c591-7ebd-4e42-8206-04bfefa94f33,2,1,1,0.5,0.0,,0.0,1.0,0.0,0.0,0.0
452ac1fc-6e97-459f-8819-62bc82078292,7,11,13,0.2619047619047619,0.18898815748423095,,2.476615652759172,1.0,0.0,0.0,0.0
345c34d9-2c2f-4cec-860e-3b3704ebc4f3,9,9,9,0.125,0.0,,1.0,1.0,0.0,0.0,0.0
6627cd42-a35b-4e4e-9fd3-05d3269bca36,0,0,0,,,,,,,,
3d1c53e1-4b07-4648-806c-2dc0b2ee5347,0,0,0,,,,,,,,
bcdb8320-5e4f-4c64-910a-f4ff7ace5e8b,7,13,17,0.30952380952380953,0.0,1.6428571428571428,2.7087361891610366,2.0,1.0,0.13333333333333333,0.22090054355830413
e8d3770b-03dd-4a04-b39d-36e92279706b,9,15,15,0.20833333333333334,0.3925925925925926,,2.06569940907318,3.0,2.0,0.25,0.0
935e22db-fc36-4f7d-80de-91ae9a498112,2,1,1,0.5,0.0,,0.0,1.0,0.0,0.0,0.0
d27222fa-f94e-4c78-9dcb-481abe654c5e,7,7,7,0.16666666666666666,0.21428571428571427,,0.9999999999999999,1.0,0.0,0.0,0.0
0b766590-dff1-4670-baae-b960fab33f6d,2,1,1,0.5,0.0,,0.0,1.0,0.0,0.0,0.0
3b2ebed6-0c37-4fb7-aef4-62a03d6244b9,2,1,1,0.5,0.0,,0.0,,,,
4727fe03-748c-4003-932c-08089fce4903,2,1,1,0.5,0.0,,0.0,,,,
f5dea30a-5df6-4639-94dd-8319d9c8b256,0,0,0,,,,,,,,
cc22cb9b-7162-499c-bcbb-ada646e7321e,8,8,8,0.14285714285714285,0.0,,0.9999999999999996,,,,
7b0a71e0-997f-4128-82fe-bc896f6c3b93,5,4,4,0.2,0.0,,0.0,1.0,0.0,0.0,0.0
020286f7-259d-4f4e-91a6-e1a361609c4a,2,1,1,0.5,0.0,,0.0,1.0,0.0,0.0,0.0
020d62c6-44da-4187-b187-80ef2d57b0af,10,15,16,0.16666666666666666,0.06719578932772656,,2.1139463204458813,1.0,0.0,0.0,0.0
c30b8aae-d325-46cd-9027-63daceb5b4c1,9,16,18,0.2222222222222222,0.1907334305458216,,2.3454647518111367,2.0,1.0,0.17857142857142855,0.0
5332b262-7816-452d-a1fd-7b48af8459ff,5,9,9,0.45,0.7666666666666666,1.6,2.0229811285248736,1.0,1.0,0.0,0.3003247003908482
a7a418f1-0d37-4eb5-8eef-90e603714ba9,4,3,3,0.25,0.0,,0.0,1.0,0.0,0.0,0.0
2fda9d56-0749-4c28-8423-7c45bdab5d5c,5,5,5,0.25,0.0,,1.0,1.0,0.0,0.0,0.0
0d2470c8-1544-4fcf-a8b8-a4aa1a6b6371,5,8,8,0.4,0.6,1.7,1.8392867552141614,3.0,3.0,0.75,0.6319732096412649
158520be-290c-420c-a39c-1cb03429d959,6,6,6,0.2,0.0,,1.0,2.0,2.0,0.35000000000000003,0.0
528a780c-3ccd-45a7-8bf9-a951a832c07f,2,1,1,0.5,0.0,,0.0,1.0,0.0,0.0,0.0
0eb21787-dd7e-4ef7-a943-8a60f85fbb53,8,8,8,0.14285714285714285,0.0,,1.0,1.0,0.0,0.0,0.0
693cddac-5b0c-469f-8c78-f2add46315b9,9,14,19,0.19444444444444445,0.10545637414307674,,2.7121803606468213,1.0,0.0,0.0,0.0
82853bfd-ad2a-4d3a-9111-d26c50747d18,0,0,0,,,,,,,,
2d134930-fab3-4cbf-822c-4e87d0fca66b,7,6,6,0.14285714285714285,0.0,,0.0,1.0,0.0,0.0,0.0
42e736cd-e443-43b7-a8e5-aa1bc7ecd199,0,0,0,,,,,,,,
29922617-eb58-413f-8c29-e13c78f199f6,0,0,0,,,,,,,,
d2360c7b-f93a-43b2-ac0c-67c81e228c60,11,16,20,0.14545454545454545,0.14160819935098512,,2.94639083483765,1.0,0.0,0.0,0.0
f965804b-15bf-4b4b-963c-179b80ec14fc,11,20,25,0.18181818181818182,0.18285011938477067,,2.8588781086322896,5.0,4.0,0.37777777777777777,0.0
06131845-bb90-4cb5-955f-c8454fa8dc7f,3,2,2,0.3333333333333333,0.0,,0.0,1.0,0.0,0.0,0.0
f641856a-9f83-4efa-8642-82ba8958b79e,10,21,27,0.23333333333333334,0.18209328924106422,,3.707566859554721,1.0,0.0,0.0,0.0
2e430d3e-2741-4d49-9e80-8963abb4d73f,5,5,5,0.25,0.4666666666666666,,0.9999999999999999,2.0,1.0,0.41666666666666663,0.0
a255cf1e-f73e-434f-a910-58360bd4aa60,8,13,22,0.23214285714285715,0.29476070267459675,,3.854146125140568,3.0,3.0,0.26190476190476186,0.0
7c2798b0-6986-4566-86ce-0a351c33986c,8,9,9,0.16071428571428573,0.1875,,1.2207440846057596,1.0,0.0,0.0,0.0
bbe92ecc-45d8-4ffc-817b-444112682107,0,0,0,,,,,,,,
5bf94991-d33b-4fad-9c75-5acad6f58186,3,2,2,0.3333333333333333,0.0,,0.0,1.0,0.0,0.0,0.0
eefe3d33-edae-4a15-ba89-93b9220cf6ad,0,0,0,,,,,,,,
ce657a2c-9ba5-402a-adfa-181697e21398,8,11,12,0.19642857142857142,0.13125,,1.5663832772661919,2.0,0.0,0.0,0.0
0c2d4394-e3af-4962-ab84-10019b18cf0a,3,2,2,0.3333333333333333,0.0,,0.0,1.0,0.0,0.0,0.0
e8090304-80b2-4652-8526-18230ab1e570,0,0,0,,,,,,,,
1e542229-14f8-47d2-8518-8d9df91bb648,10,24,25,0.26666666666666666,0.39666666666666667,,3.3672649457850214,1.0,0.0,0.0,0.0
3ec93bf2-b917-41a5-8f35-30cb38030f41,7,9,9,0.21428571428571427,0.14285714285714285,,1.3247179572447472,2.0,1.0,0.4,0.0
25786fda-271d-4b59-bef6-8f1deac2c6e2,7,9,9,0.21428571428571427,0.14285714285714285,,1.3247179572447472,1.0,1.0,0.3,0.0
565ac75c-7e83-4b34-8a21-a8d666bb01fc,3,2,2,0.3333333333333333,0.0,,0.0,1.0,0.0,0.0,0.0
20bba541-c700-43c1-a3f8-7d319a0f1117,2,1,1,0.5,0.0,,0.0,1.0,0.0,0.0,0.0
8f96e0d2-d438-4876-8dfd-705f90195bb2,3,2,2,0.3333333333333333,0.0,,0.0,1.0,0.0,0.0,0.0
a521ce17-5ba0-48bb-9d9d-afd16d56c56d,2,1,1,0.5,0.0,,0.0,1.0,0.0,0.0,0.0
8ea7b514-e99d-4798-851c-f5d63a9edb28,3,2,2,0.3333333333333333,0.0,,0.0,1.0,0.0,0.0,0.0
7bcae1d1-291c-498f-9d59-f8451f440802,10,20,21,0.2222222222222222,0.16022820157650006,,2.602651231697289,1.0,0.0,0.0,0.0
059486c5-891d-40fd-9463-4f835874429d,7,7,7,0.16666666666666666,0.0,,1.0,1.0,1.0,0.16666666666666666,0.0
fc692a29-81a6-4eeb-aaa3-d5322a575fd7,9,18,18,0.25,0.39629629629629626,2.3194444444444446,2.280084900814446,4.0,3.0,0.39285714285714285,0.6101532473934133
82b24884-2601-40a1-a016-15c876f6ddbc,4,3,3,0.25,0.0,1.0,1.0,1.0,0.0,0.0,0.0
331e552a-bf38-4977-b87c-2bbb1b281c62,4,4,4,0.3333333333333333,0.0,,1.0,1.0,0.0,0.0,0.0
ae9a38af-5ca6-4bbc-9a85-34d4e9aa0e89,4,4,4,0.3333333333333333,0.5833333333333333,,0.9999999999999999,2.0,1.0,0.5,0.0
1d26f4b1-0022-479a-a209-a8b714cd6f1c,2,1,1,0.5,0.0,,0.0,1.0,0.0,0.0,0.0
972eb987-0c5a-4c1e-92eb-be61658b0ba1,2,1,1,0.5,0.0,,0.0,1.0,0.0,0.0,0.0
2d471cca-8bdc-4204-aa82-59d0fae5bd21,9,22,23,0.3055555555555556,0.4259259259259259,2.0694444444444446,2.9460245150879576,3.0,2.0,0.125,0.4553450116267125
2196b3ef-b7f7-421d-b71e-8f15b9cd1fa9,9,18,23,0.25,0.0617283950617284,1.9537037037037033,2.698360646237004,2.0,1.0,0.08928571428571427,0.19465529389444888
18fe5d98-8cd1-4a43-bd34-f5a73f46d7ac,2,1,1,0.5,0.0,,0.0,1.0,0.0,0.0,0.0
30004327-97f1-4663-b1b5-26e6642c267e,2,1,1,0.5,0.0,,0.0,,,,
1a0525aa-6f44-477f-9d03-004323383d18,5,5,5,0.25,0.0,,1.0,1.0,0.0,0.0,0.0
a29371aa-73b8-4391-a2b6-5d35039cae0c,6,6,6,0.2,0.0,,1.0,1.0,0.0,0.0,0.0
4880c409-6ee0-4a5f-93d2-97cb9a00bbcd,5,5,5,0.25,0.0,,1.0,1.0,0.0,0.0,0.0
d24b2b24-be3c-4bbf-be20-c0574500ead9,4,4,4,0.3333333333333333,0.0,,1.0,1.0,0.0,0.0,0.0
2170a298-e3d5-4f41-a2a4-cf97beb1934b,6,8,10,0.26666666666666666,0.45386915136260714,1.9166666666666667,1.7277535004007123,2.0,1.0,0.2,0.617357660256743
99ea0fdd-96bd-4078-b8a2-c44466e8eea6,8,11,11,0.19642857142857142,0.3333333333333333,,1.4142135623730951,2.0,1.0,0.23809523809523808,0.0
8d69492c-d4ff-4d14-97d2-4c00ebad6ada,6,5,5,0.16666666666666666,0.0,,0.0,1.0,0.0,0.0,0.0
32a9efdb-5333-4be1-86a7-a03c1bf28c40,10,13,13,0.14444444444444443,0.1733333333333333,,1.618033988749895,1.0,0.0,0.0,0.0
4ed55466-f1dc-420a-8e59-5e9c6624113d,7,10,12,0.23809523809523808,0.13499154106016495,,2.275618338721148,1.0,0.0,0.0,0.0
24975a3f-1c57-4475-9149-57d99cd2be53,7,10,12,0.23809523809523808,0.13499154106016495,,2.275618338721148,1.0,1.0,0.16666666666666666,0.0
f16d5f02-3eb9-4e19-8816-8bbab748f358,6,8,8,0.26666666666666666,0.27777777777777773,,1.4655712318767675,1.0,1.0,0.1,0.0
a5c5a158-167f-4541-a86f-ec5374736ec8,9,20,26,0.2777777777777778,0.3018372314620135,,3.7219659611482183,3.0,0.0,0.0,0.0
4cb3184a-f70b-4c7c-aad7-e105370c2c3c,8,10,10,0.17857142857142858,0.5,,1.3247179572447452,2.0,1.0,0.26190476190476186,0.0
d2aee838-eab9-477b-aabd-091a3ef2ce12,7,7,7,0.16666666666666666,0.0,,1.0,1.0,0.0,0.0,0.0
b080ad0f-dba1-4cad-a0a5-3a80d004e136,0,0,0,,,,,,,,
dc8782f0-fbfc-41b6-947c-59fd533c0c65,3,2,2,0.3333333333333333,0.0,,0.0,1.0,0.0,0.0,0.0
ddc83fa0-fb65-4d37-8d38-e59b9dfb7d21,7,11,12,0.2619047619047619,0.31428571428571433,,2.1822709100717725,3.0,2.0,0.3,0.0
44f191cc-5862-4181-b9ce-fa5909f30379,5,7,7,0.35,0.0,,1.618033988749895,3.0,2.0,0.5833333333333333,0.0
7880f03f-39e3-42d7-8e08-93b528d444f4,2,1,1,0.5,0.0,,0.0,1.0,0.0,0.0,0.0
c2f395d9-3c92-4154-a54d-66e551eb8171,7,10,10,0.23809523809523808,0.44761904761904764,,1.618033988749894,1.0,1.0,0.08333333333333333,0.0
b22a05bb-7bca-4d40-b51c-63dec8015de7,9,23,26,0.3194444444444444,0.30795492174855194,1.8333333333333333,3.5929230273129376,5.0,4.0,0.33928571428571425,0.4161967887685252
ea820bf5-a4f6-4791-9d06-43cb8d82096f,9,13,13,0.18055555555555555,0.3259259259259259,,1.7150203054119144,1.0,0.0,0.0,0.0
2044ddc0-90d9-48cd-bfcf-e8d225c3e44b,5,4,4,0.2,0.6,1.5,0.9999999999999999,1.0,1.0,0.08333333333333333,0.0
501acb6c-0849-4bed-912e-ab4610b5b579,6,7,7,0.23333333333333334,0.0,,1.4142135623730951,1.0,0.0,0.0,0.0
5907be90-aea6-47af-be13-2a0597a27cde,7,10,10,0.23809523809523808,0.23809523809523808,,1.4902161200999542,2.0,1.0,0.06666666666666667,0.0
e00bdae8-f038-4591-abb4-cb5475b59639,3,2,2,0.3333333333333333,0.0,,0.0,1.0,0.0,0.0,0.0
ffc38f11-baa3-4c0f-a295-9d1ba06218a8,11,25,27,0.22727272727272727,0.26735514324626664,,2.9941158778151484,1.0,0.0,0.0,0.0
9f87daa3-46c6-4c28-989d-3118a5696f2e,2,1,1,0.5,0.0,,0.0,1.0,0.0,0.0,0.0
ead90328-cf19-4c93-862e-477bba4ecfeb,4,4,4,0.3333333333333333,0.0,,1.0,1.0,0.0,0.0,0.0
b28c5ef8-249c-4de7-9b27-46095fac61e0,2,1,1,0.5,0.0,,0.0,1.0,0.0,0.0,0.0
45875581-d54b-435c-a4c2-ed98908163de,2,1,1,0.5,0.0,,0.0,1.0,0.0,0.0,0.0
df52230a-bb32-4471-8d04-4ed9604296ca,6,5,5,0.16666666666666666,0.0,,0.0,1.0,1.0,0.2,0.0
802a3444-d774-4df6-9d30-4252646f7c5a,2,1,1,0.5,0.0,,0.0,1.0,0.0,0.0,0.0
98e4b110-93f1-4384-9419-ae1179cd7e83,0,0,0,,,,,,,,
203fa3c1-0671-4214-a546-d95489164a58,5,4,4,0.2,0.0,,1.0,1.0,0.0,0.0,0.0
62b6d3db-4b64-44cd-8d42-6c0638df57aa,5,4,4,0.2,0.0,,0.0,1.0,0.0,0.0,0.0
0c7a857c-a2df-4c95-bac3-532f76c9dd0a,5,6,6,0.3,0.0,,1.414213562373095,1.0,0.0,0.0,0.0
c372969f-941d-48c3-9d22-131aa2540e33,7,8,8,0.19047619047619047,0.3095238095238096,,1.3247179572447472,1.0,0.0,0.0,0.0
3f0a202d-43cc-421c-a97a-99d463fdfb94,7,8,8,0.19047619047619047,0.3095238095238096,,1.3247179572447472,1.0,1.0,0.26666666666666666,0.0
d556aae7-7647-4c27-8aa4-f5ccbd034b09,4,3,3,0.25,0.0,,0.0,1.0,0.0,0.0,0.0
55fad6f6-64d5-4bac-9d5b-a5e542384626,6,7,7,0.23333333333333334,0.0,2.6666666666666665,1.2365057033914992,1.0,1.0,0.45,0.29575279739086385
8cc67067-433f-47e4-a1b0-8e0f4fc89d61,6,7,7,0.23333333333333334,0.0,2.6666666666666665,1.2365057033914992,2.0,2.0,0.7000000000000001,0.5591357136006981
6f5928b5-bad3-4014-98d6-006ba88865ae,5,4,4,0.2,0.0,,0.0,1.0,0.0,0.0,0.0
1fcd33a5-438c-48ea-9403-94882983b76d,6,6,6,0.2,0.36111111111111116,,0.9999999999999999,1.0,0.0,0.0,0.0
9565503f-ea3e-4924-94d6-4921a4135e28,7,7,8,0.16666666666666666,0.0,,1.0000000000000002,2.0,0.0,0.0,0.0
eabde875-fb9a-4f5e-8c5e-887f3a596247,8,10,11,0.17857142857142858,0.0,,1.2720196495140692,1.0,1.0,0.09523809523809523,0.0
70c88f35-d9b6-45a9-84b5-983ec4edb695,4,4,4,0.3333333333333333,0.0,,1.0,1.0,0.0,0.0,0.0
326beb2b-4f8c-4cab-b607-7a96334c31a9,9,10,10,0.1388888888888889,0.0,,1.0000000000000002,2.0,1.0,0.3214285714285714,0.0
8934c30c-872b-4f0e-bd44-6b0a16933c9f,7,6,6,0.14285714285714285,0.0,,0.0,1.0,0.0,0.0,0.0
d7cb80a9-1cf1-43d3-b140-a31ac0ff4389,8,14,25,0.25,0.13594895098775425,,5.2333949556730825,1.0,0.0,0.0,0.0
d79d031b-54ec-4e6e-bd2a-83dbd6dd838b,5,3,3,0.15,0.0,,0.0,1.0,0.0,0.0,0.0
7598f02d-2a2b-4a56-b649-2f4d142616ab,9,12,13,0.16666666666666666,0.0699956138830485,,2.1700864866260323,1.0,0.0,0.0,0.0
2c1d7ae5-7b3c-49c8-9b24-086c1d623a20,4,4,5,0.3333333333333333,0.0,,1.4142135623730951,1.0,0.0,0.0,0.0
dad539ba-e148-461c-984c-c2c06a3c07ab,5,5,5,0.25,0.0,,1.0,1.0,0.0,0.0,0.0
b928aa67-463b-43f9-8075-c75fb8cc2be9,6,15,23,0.5,0.4572352771419801,1.1916666666666667,4.726388723210494,5.0,4.0,0.30000000000000004,0.40283595601056804
10f729fd-dcd5-4aa5-858a-79b9332ae499,2,1,1,0.5,0.0,,0.0,1.0,0.0,0.0,0.0
56656dde-9b48-409f-bf1d-c7ca17d1e4fe,2,1,1,0.5,0.0,,0.0,,,,
ad5e6c9f-e35e-4405-8ef1-9b749cf1d9a1,0,0,0,,,,,,,,
1bcb16a6-d77b-4121-bdb7-98169432365c,2,1,1,0.5,0.0,,0.0,1.0,0.0,0.0,0.0
e3095912-e405-4239-9c9d-dd3e26379003,9,12,12,0.16666666666666666,0.37407407407407406,,1.433752399634409,1.0,0.0,0.0,0.0
26c0998d-3be1-4c67-9ab1-7f49516a6640,9,12,13,0.16666666666666666,0.2404725630436801,,1.7507302713408937,1.0,0.0,0.0,0.0
6bf60a52-7b42-4377-b1b0-64c76dac8130,5,6,6,0.3,0.0,,1.414213562373095,3.0,2.0,0.5,0.0
306af0a0-2adc-41f4-94a0-4550fd1c3fba,6,9,12,0.3,0.10095114404623,,2.7360368236306054,1.0,0.0,0.0,0.0
8c35f1bd-dabd-482f-96d5-8f656b974641,0,0,0,,,,,,,,
58dee723-be6c-4a27-b670-2d3d82a565fa,8,12,14,0.21428571428571427,0.20833333333333331,,2.1086148474528796,1.0,0.0,0.0,0.0
c71f1d13-c57b-4c85-971b-e66b3fa7839d,3,2,2,0.3333333333333333,0.0,,0.0,1.0,0.0,0.0,0.0
31ebec76-844e-4489-bd55-22ba6baa309e,4,3,3,0.25,0.0,,0.0,1.0,0.0,0.0,0.0
d3ebd28c-8b24-4ddf-9e11-d86d191e7b19,6,8,9,0.26666666666666666,0.279982455532194,,1.999999999999998,1.0,0.0,0.0,0.0
ed4e6d65-30d2-4439-89af-dc1b81d129dc,3,2,2,0.3333333333333333,0.0,,0.0,1.0,1.0,0.5,0.0
951b8142-5777-429a-8bfb-44f9898ad631,11,13,14,0.11818181818181818,0.1257515946890055,,1.4081816457104048,2.0,1.0,0.2888888888888889,0.0
cab4ddbd-eed1-41f1-bb60-249c006cf6f2,10,20,22,0.2222222222222222,0.20563162274772226,,2.946732407272999,5.0,4.0,0.3611111111111111,0.0
ea0b46da-b503-4e90-a637-6431d921bfcc,10,27,32,0.3,0.22380757563821257,1.6574074074074077,3.986591237426274,4.0,3.0,0.1111111111111111,0.37051521189363784
006143bc-cc3a-46de-a01b-97907b45c485,5,4,4,0.2,0.0,,0.0,2.0,1.0,0.25,0.0
6d54ba6a-93fa-4bc3-9e28-78c9478f1022,2,1,1,0.5,0.0,,0.0,,,,
f5e42edb-9ef6-419b-b2ed-0e9e467b91e5,4,3,3,0.25,0.0,,0.0,1.0,0.0,0.0,0.0
3cd44888-2a8a-46ff-a454-73f1a1dae1a1,0,0,0,,,,,,,,
b5e4dcaf-2007-4435-9c52-8d97f8ad39e4,5,7,7,0.35,0.3333333333333333,1.9,1.5341577449142652,2.0,2.0,0.5,0.5939665516999779
ab68d191-79ab-438b-a6e0-cfbb3bfa4474,0,0,0,,,,,,,,
5f4c33e9-db4a-470c-9da1-43380324cd19,4,4,4,0.3333333333333333,0.0,,1.0,1.0,0.0,0.0,0.0
d0be8f04-8249-45de-95ab-bd5eded22cd7,6,6,6,0.2,0.0,,1.0,1.0,0.0,0.0,0.0
548b3344-88bd-44e7-b78b-c569219ef1d0,2,1,1,0.5,0.0,,0.0,1.0,0.0,0.0,0.0
14341980-96ef-414d-ab4e-7e3165c8ec75,8,11,12,0.19642857142857142,0.1875,,1.4142135623730947,2.0,0.0,0.0,0.0
6316afa5-dea9-4f61-ad10-6b0b79fb079b,9,14,18,0.19444444444444445,0.22527249100216412,,2.449976123147578,3.0,3.0,0.1607142857142857,0.0
c77e6a91-92a0-4ba0-b9e8-a8e6c7a7b2b7,10,17,17,0.18888888888888888,0.07666666666666666,,2.1174050519366756,2.0,1.0,0.0625,0.0
46bc3015-e2de-4dba-8de2-e8b49de20c99,9,27,36,0.375,0.46116410867711644,1.4513888888888886,5.146356005552611,4.0,3.0,0.017857142857142856,0.2461162683273791
2b5389b6-bead-485d-b352-68a649932b7f,6,12,14,0.4,0.38888888888888884,1.8166666666666667,2.9106875643425787,4.0,3.0,0.17500000000000002,0.5790773358148559
607c9e9d-c0a7-466d-a095-16e6b6b0d836,8,7,7,0.125,0.27083333333333337,,0.9999999999999999,1.0,0.0,0.0,0.0
7ae6b656-d1fc-4266-8ba8-0e1335343bab,9,19,19,0.2638888888888889,0.462962962962963,,2.4962971234727407,2.0,1.0,0.06547619047619047,0.0
3c6f9a75-7b63-48be-af13-7c0e75a32931,3,3,3,0.5,0.0,,1.0,1.0,0.0,0.0,0.0
ec85fe91-d865-4a21-a6a2-f990d1ee9fca,4,4,4,0.3333333333333333,0.0,,1.0,1.0,0.0,0.0,0.0
d7fa937d-364f-4e4f-b725-0f06f75c9ea2,8,19,22,0.3392857142857143,0.18287531797925416,1.988095238095238,3.7536457712057762,2.0,2.0,0.23809523809523808,0.30339703179457456
4f33d4ba-8fee-4ba0-ac0b-2c7fb688004f,0,0,0,,,,,,,,
f3e8f6e3-a19e-4f90-8c65-e54e3a7ea197,9,17,21,0.2361111111111111,0.21365745582106854,,2.954066667611924,1.0,0.0,0.0,0.0
c7c2b7e7-cf02-4e2a-ae68-fb18c9096c97,9,23,28,0.3194444444444444,0.36616297820090593,1.6180555555555556,3.292412003095847,4.0,4.0,0.24107142857142855,0.3860288598101537
d0de91a1-0989-4463-b5c5-d5ee5842198b,9,25,35,0.3472222222222222,0.3331630951828571,1.3935185185185182,4.507665579035287,7.0,6.0,0.33928571428571425,0.5543850865842463
d1cfd667-0785-4e25-9324-5897223d021c,5,8,9,0.4,0.3333333333333333,1.7,2.065196636131897,2.0,2.0,0.5,0.4123268599011826
d8aa12c2-8e00-4951-ad6d-f1863ecb827e,2,1,1,0.5,0.0,,0.0,1.0,0.0,0.0,0.0
80ed61dc-792c-4432-94c4-17e14d9b6af7,2,1,1,0.5,0.0,,0.0,1.0,0.0,0.0,0.0
ffe6635e-6109-4aac-8abf-fca3390b33da,9,12,13,0.16666666666666666,0.1416630115692071,,1.8392867552141607,2.0,0.0,0.0,0.0
d709e83d-ed45-4bed-bfd8-39f6fa227cc1,3,2,2,0.3333333333333333,0.0,,0.0,1.0,0.0,0.0,0.0
dd57245d-2c62-438b-8414-f19fa11e2a4c,3,2,2,0.3333333333333333,0.0,,0.0,,,,
ebf244a5-cd40-4e8b-ba53-884a0883a56a,7,20,35,0.47619047619047616,0.25802789726953385,1.1686507936507937,6.621139426686387,9.0,8.0,0.22777777777777777,0.5823383916083273
8d63447c-9e8d-47a4-a40b-744d0d5d3750,9,10,10,0.1388888888888889,0.0,,1.2365057033914977,2.0,1.0,0.10714285714285714,0.0
0b7cd6e5-2ab6-46d0-b7d3-4e5b4a43513b,5,4,4,0.2,0.0,,0.0,1.0,0.0,0.0,0.0
b1f1a7c4-1fe5-4e3b-b707-5225ba587c8a,9,20,29,0.2777777777777778,0.12051491215569173,1.5370370370370365,4.215484408295348,5.0,5.0,0.3452380952380952,0.4663598435958092
902e7a01-074f-4009-b108-0334b666f618,9,17,17,0.2361111111111111,0.36296296296296293,,2.4193702050900634,5.0,4.0,0.49107142857142855,0.0
bd1c22a0-5af0-418f-b21c-5b5ff6918fa2,2,1,1,0.5,0.0,,0.0,1.0,0.0,0.0,0.0
5b4d4b05-f9c1-46a2-bc2d-f8ca2fe92e0e,10,24,30,0.26666666666666666,0.21453043849614534,1.9388888888888882,4.376150821106554,2.0,2.0,0.1111111111111111,0.1199562814412312
019e5bc7-ba5c-4df0-82e1-cc75e4afc92f,10,24,30,0.26666666666666666,0.21453043849614534,1.9388888888888882,4.376150821106554,1.0,1.0,0.0,0.11375438639878434
a215d725-29c9-41c8-917d-cd0cd25dd1e8,8,17,18,0.30357142857142855,0.10416666666666666,2.142857142857143,2.6236129616551565,2.0,2.0,0.047619047619047616,0.3410078589414861
1061e36c-f787-4847-9437-32806d995e37,2,1,1,0.5,0.0,,0.0,1.0,0.0,0.0,0.0
52a7fa2e-d0f8-4c2f-80ab-feb50b4c300a,9,15,18,0.20833333333333334,0.30643011646240287,,2.935432331970032,1.0,0.0,0.0,0.0
3f830217-2ce9-405d-8208-11efa25c1dfd,2,1,1,0.5,0.0,,0.0,,,,
0034dfb1-6265-41df-92a1-bb0ba058776a,7,6,6,0.14285714285714285,0.0,,0.0,1.0,0.0,0.0,0.0
c49a2fd5-b6e1-4a66-b0bb-030823e2395e,8,15,18,0.26785714285714285,0.20327753944880747,,3.2385350751062916,,,,
7aa407d9-bbfc-45ad-b7b8-1a67341a38f5,0,0,0,,,,,,,,
ecfa2911-7030-430a-8768-1be27da2aa6f,6,6,6,0.2,0.0,,1.0,,,,
b639189a-d3da-4316-ba3a-a408ff911d73,9,15,18,0.20833333333333334,0.10499342082457275,,2.728292439019025,1.0,0.0,0.0,0.0
8504fc44-1916-4c83-8c82-0588d155fa48,2,1,1,0.5,0.0,,0.0,1.0,0.0,0.0,0.0
ea2f37eb-921a-43a6-aa2b-9c84efe982ed,9,18,20,0.25,0.28259113055360874,2.013888888888889,2.6838033171136657,5.0,4.0,0.46428571428571425,0.6072400773604861
1c25d248-19bf-4d0d-8809-120a0ff3eb5a,0,0,0,,,,,,,,
70eff410-4678-4b29-8615-7667ab8a2c20,5,5,5,0.25,0.0,,1.0,1.0,0.0,0.0,0.0
e873a238-e39c-4e5b-bee7-cbd04d4e5cd7,10,19,22,0.2111111111111111,0.25782083290002156,2.45,2.430554954529664,3.0,2.0,0.013888888888888888,0.5335525033997982
541890a9-808d-4d07-b9b4-950aaf802c90,0,0,0,,,,,,,,
3ae695a8-991a-4f2f-83aa-ea0763b2515b,3,2,2,0.3333333333333333,0.0,,0.0,,,,
c83dacc4-a06a-4c16-bff6-e25ee2740b6e,8,16,16,0.2857142857142857,0.47916666666666663,,2.147899035704788,1.0,0.0,0.0,0.0
fb48cdac-fe0a-4452-a680-5880ed308a40,8,16,16,0.2857142857142857,0.47916666666666663,,2.147899035704788,,,,
fcfab8e6-651c-406f-a51d-d87d1d1804d0,6,5,5,0.16666666666666666,0.0,,0.0,1.0,0.0,0.0,0.0
7b4d2a3e-b744-4bf1-9a88-beec60f4365c,8,12,12,0.21428571428571427,0.475,2.4642857142857144,1.618033988749897,2.0,1.0,0.19047619047619047,0.4625585359400959
41302cc0-8445-4a66-84e4-f304b1a7460a,6,6,6,0.2,0.0,,1.0,1.0,0.0,0.0,0.0
89cdac4a-f79e-42de-ad9a-fbc70397b8a6,10,15,19,0.16666666666666666,0.14312833316000861,,2.8557725066359883,0.0,1.0,0.0,0.0
b353ca35-a05f-4a3e-bc76-abeaba9476f1,4,3,3,0.25,0.0,,0.0,1.0,0.0,0.0,0.0
1d886e5d-5ccd-4f6e-b895-3ed152e8a9cf,6,9,9,0.3,0.5833333333333333,,1.7455312062598238,1.0,0.0,0.0,0.0
398dba86-b490-4dfa-a24e-134ab4f28080,7,7,7,0.16666666666666666,0.0,,0.9999999999999996,2.0,1.0,0.5,0.0
26f12ece-632a-419b-b17f-c63e9508a6bb,7,7,7,0.16666666666666666,0.0,,0.9999999999999996,1.0,1.0,0.4,0.0
541cfc39-9059-45d9-af39-d3525ccdbbf9,2,1,1,0.5,0.0,,0.0,1.0,0.0,0.0,0.0
bc5cf701-66a0-4bbf-a349-b178a8999ebb,5,7,7,0.35,0.0,,1.618033988749895,3.0,2.0,0.5833333333333333,0.0
44e48928-bcd2-425d-bcd2-88b4b3e10764,3,2,2,0.3333333333333333,0.0,,0.0,1.0,0.0,0.0,0.0
89aae71e-0195-4011-b31e-746a31a8e5f1,6,8,8,0.26666666666666666,0.36111111111111116,,1.6180339887498953,2.0,1.0,0.1,0.0
e247a33d-7255-4f8f-b6d1-48f2b49cb559,2,1,1,0.5,0.0,,0.0,1.0,0.0,0.0,0.0
e296dfd5-410a-4bd0-a68c-c8355fc52579,11,25,29,0.22727272727272727,0.2397978737224834,,3.7592511473784165,4.0,3.0,0.20555555555555557,0.0
528c2a96-74fb-491f-89c7-e1eb61b46a8e,2,1,1,0.5,0.0,,0.0,1.0,0.0,0.0,0.0
314fc629-dbd3-4934-94c6-c591e358dbff,5,5,5,0.25,0.0,,1.0,1.0,0.0,0.0,0.0
18cc929b-52f5-45e3-8615-daf9260a31da,8,12,12,0.21428571428571427,0.42499999999999993,,1.6076676982947322,1.0,0.0,0.0,0.0
43672ac5-0101-457e-a459-fd4511a635ba,8,13,13,0.23214285714285715,0.5416666666666666,,1.7871514554515366,2.0,2.0,0.23809523809523808,0.0
2e62b86d-9b63-4229-b9f6-e29024ac4376,2,1,1,0.5,0.0,,0.0,1.0,0.0,0.0,0.0
7baac0c7-203d-4e43-89f7-7d482a26ee0d,5,3,3,0.15,0.0,,0.0,1.0,0.0,0.0,0.0
f22266fd-345a-4d52-8390-69c13ff3df92,7,8,8,0.19047619047619047,0.0,,1.0,1.0,0.0,0.0,0.0
e5084146-9d0d-4118-9547-119e59d783ab,0,0,0,,,,,,,,
c739c650-2b62-4b07-84f4-406ed443109a,3,2,2,0.3333333333333333,0.0,,0.0,0.0,1.0,0.0,0.0
1d46cf14-436d-4645-b4c2-ac1ee76f3aed,9,13,16,0.18055555555555555,0.1197870857392685,,2.516332525352827,2.0,1.0,0.23214285714285712,0.0
f8fe0785-2ca0-41e9-b2b6-000ccd504061,2,1,1,0.5,0.0,,0.0,1.0,0.0,0.0,0.0
979bce09-62d8-4fa7-be93-b3bac4a35d6a,10,17,20,0.18888888888888888,0.15499999999999997,,2.883747107230601,2.0,2.0,0.324074074074074,0.0
e9d3a1c6-d630-4f3d-b52f-6a3dc3fb97f8,6,5,5,0.16666666666666666,0.0,,0.0,1.0,0.0,0.0,0.0
e877d7f3-6505-4d08-b4d5-f82ab8c3ec6d,10,19,20,0.2111111111111111,0.22000000000000003,2.466666666666667,2.302775637731995,3.0,3.0,0.2662037037037037,0.4889901841482671
12b0d458-1b39-41dd-aaac-a5c99f79e931,6,7,10,0.23333333333333334,0.22047236832891656,,1.999999999999999,1.0,0.0,0.0,0.0
e99d627f-e66e-4177-9c42-3b426364602c,7,13,15,0.30952380952380953,0.20023151606266795,,2.5514344365495396,1.0,0.0,0.0,0.0
836423cc-0eda-4db1-a100-07e1790c1bcb,2,1,1,0.5,0.0,,0.0,1.0,0.0,0.0,0.0
b618df8a-6b06-457d-af36-28fae7ca9c46,10,16,18,0.17777777777777778,0.1070932892410642,,2.2080120716264364,1.0,1.0,0.0,0.0
a5a83f87-2ee0-4ac1-9fa8-ac8ec64356d1,0,0,0,,,,,,,,
e2be8cf0-ff95-403e-98b6-9cdc76ad05d5,0,0,0,,,,,,,,
0a50d7fa-da0f-4e7c-a56b-f11e159f2ec9,3,2,2,0.3333333333333333,0.0,,0.0,1.0,0.0,0.0,0.0
6b82361c-488c-47fe-b46f-d7dfccf5bbd0,2,1,1,0.5,0.0,,0.0,1.0,0.0,0.0,0.0
f483a064-58af-4ec4-b768-2744c218e932,10,22,26,0.24444444444444444,0.26462635940738044,,3.6348210579753566,4.0,4.0,0.2361111111111111,0.0
191352f4-b6b1-4676-bb29-03561c51730b,6,5,5,0.16666666666666666,0.0,,1.0,1.0,0.0,0.0,0.0
b2d5366c-4dee-4904-930e-a75104a88eab,8,12,12,0.21428571428571427,0.27083333333333337,,1.9999999999999996,1.0,0.0,0.0,0.0
aaee45ea-af21-455f-a2b1-83ed15845ac6,10,17,17,0.18888888888888888,0.25,,2.284341434893747,2.0,0.0,0.0,0.0
e6c7c7ff-c635-4f9b-914c-b299368e07e9,5,4,4,0.2,0.0,,0.0,1.0,0.0,0.0,0.0
6926b425-5a2d-484b-a4d5-85f4e6298216,4,4,4,0.3333333333333333,0.0,,1.0,1.0,0.0,0.0,0.0
a0c635e4-d590-46ad-9e55-f054f78a9ff1,2,1,1,0.5,0.0,,0.0,1.0,0.0,0.0,0.0
4b042657-3c64-4516-bb8d-f1c322719eeb,7,10,10,0.23809523809523808,0.0,,1.6902844946166125,2.0,2.0,0.43333333333333335,0.0
e0dada79-fcfb-4294-aa8e-18116ec67027,9,12,13,0.16666666666666666,0.22662041878403144,3.1180555555555554,1.518842512145371,2.0,1.0,0.42857142857142855,0.49431460022652146
2de00683-0883-4d97-892e-a2500b03e67a,11,16,18,0.14545454545454545,0.0,,2.098140819593144,5.0,4.0,0.5555555555555556,0.0
0a0aeb90-f461-4fbe-8b3f-9011e25a47d4,7,13,13,0.30952380952380953,0.4047619047619047,,2.246979603717467,1.0,0.0,0.0,0.0
db44dcba-6ceb-4173-af6c-d18a1883a2eb,2,2,2,1.0,0.0,1.0,1.0,1.0,1.0,0.0,0.0
30bc9a92-63a7-4dea-86b1-5fd2cd200584,2,1,1,0.5,0.0,,0.0,1.0,0.0,0.0,0.0
27149088-cbf9-494a-8e26-15ddbc4741e6,9,11,11,0.1527777777777778,0.0,,1.3802775690976137,1.0,0.0,0.0,0.0
ea3e0515-ea35-4660-87cd-e1650a061d1c,2,1,1,0.5,0.0,,0.0,1.0,0.0,0.0,0.0
ea579ea8-c5c3-43cb-86b1-b254b3d6e3fb,2,1,1,0.5,0.0,,0.0,1.0,0.0,0.0,0.0
365ce792-877a-4513-abd2-98766c899e8f,9,13,16,0.18055555555555555,0.14625589656959645,,2.5271188148828934,1.0,0.0,0.0,0.0
858312e1-fe6f-4281-914e-4fb03ba0374f,9,15,18,0.20833333333333334,0.25925925925925924,,2.6072085674453027,1.0,0.0,0.0,0.0
5d05bf0a-7b81-496f-8f02-725cdc90f3e9,2,1,1,0.5,0.0,,0.0,1.0,0.0,0.0,0.0
7dbc76bb-0c3d-4cd4-9c7c-3227dfe899f5,2,1,1,0.5,0.0,,0.0,1.0,0.0,0.0,0.0
dfad304d-d7f5-4215-bedd-365b92649aa8,3,2,2,0.3333333333333333,0.0,,0.0,1.0,0.0,0.0,0.0
3033427a-49c3-45a9-b0f2-9c53df558f59,2,2,2,1.0,0.0,1.0,1.0,1.0,1.0,0.0,0.0
97093c18-29f0-422a-b0f3-bbbc3aadaa6a,10,23,29,0.25555555555555554,0.1668816184102993,,4.131345435333958,2.0,1.0,0.05555555555555555,0.0
61e05b20-2f57-4401-b337-f7475a0ad499,6,8,8,0.26666666666666666,0.0,2.2666666666666666,1.5537739740300371,3.0,3.0,0.8500000000000001,0.6343255686650056
83842ff3-709e-468f-9a75-32dd55cd6b0e,6,9,9,0.3,0.0,,1.8477590650225733,1.0,0.0,0.0,0.0
5667d74e-c1f0-4282-91a4-5f89c6db16e2,0,0,0,,,,,,,,
162cfa7d-b412-4314-9bc8-32363be03691,4,3,3,0.25,0.0,,0.0,1.0,0.0,0.0,0.0
76c031af-d1a0-49ec-98c6-f8b8c6f59c8d,4,3,3,0.25,0.0,,0.0,1.0,0.0,0.0,0.0
e580ccbc-f422-455f-8282-476165725146,3,2,2,0.3333333333333333,0.0,,0.0,1.0,0.0,0.0,0.0
44a74e3a-859b-473b-95cb-906764036a0d,6,6,6,0.2,0.0,,1.0,1.0,0.0,0.0,0.0
9327f533-e6ef-4c9e-b0d7-e382931e953e,0,0,0,,,,,,,,
81abdd8f-aa8d-4866-958a-0bb09e4c9cfe,7,10,12,0.23809523809523808,0.0,,1.936703018560016,3.0,2.0,0.36666666666666664,0.0
090345e5-0659-4700-a2e8-4974c8ebfb50,9,17,20,0.2361111111111111,0.2088885611838992,,3.1325395909036144,1.0,0.0,0.0,0.0
85e396a8-118d-44af-a36a-c585a7caacb8,11,22,28,0.2,0.09290340371069848,,3.729702868437585,4.0,3.0,0.10740740740740741,0.0
5338f09e-864f-4abb-bf7d-13ce7f7e1892,6,9,10,0.3,0.0,,2.0,1.0,0.0,0.0,0.0
e60bd19e-3e61-4b34-82f6-77046e0a643f,10,14,14,0.15555555555555556,0.16666666666666666,4.0,1.6522065998931559,1.0,1.0,0.4444444444444444,0.20606063349879558
3f2ab42d-6012-4d8d-be29-bf09dd10ef74,0,0,0,,,,,,,,
14f4ee20-90ef-4221-a07d-24b00db16885,6,6,6,0.2,0.0,,1.0,2.0,1.0,0.2,0.0
8d6a08b1-8af4-4268-a9e9-15bfb8f1eb6f,2,1,1,0.5,0.0,,0.0,1.0,0.0,0.0,0.0
b25cbbfb-18c1-4626-80be-243bae5dd40c,2,1,1,0.5,0.0,,0.0,1.0,0.0,0.0,0.0
26249219-1aaa-403d-9971-85039ac34c21,8,7,7,0.125,0.0,,1.0,1.0,1.0,0.0,0.0
be933b6b-1652-4653-9ad8-a0df5b72be37,3,2,2,0.3333333333333333,0.0,,0.0,1.0,0.0,0.0,0.0
a3e2798c-f550-4f03-a9f1-791ef44d42e6,5,4,4,0.2,0.0,,0.0,1.0,0.0,0.0,0.0
0002e561-40cf-401a-a298-61f1cce6a57c,0,0,0,,,,,,,,
22faaec3-8a07-46eb-ae8c-fd5bddfaa545,11,21,21,0.19090909090909092,0.393939393939394,2.4909090909090907,2.220398740895031,4.0,3.0,0.4277777777777778,0.46721276823301394
da7c4816-2e4a-4354-b806-7333e134e0c2,2,1,1,0.5,0.0,,0.0,1.0,0.0,0.0,0.0
35acdbdc-91a9-4e10-b9ca-8525154a5c3b,4,3,3,0.25,0.0,,0.0,1.0,0.0,0.0,0.0
1188b456-fcd1-409e-b2eb-3f2cdbc6bd92,6,7,7,0.23333333333333334,0.25,,1.1938591113212234,1.0,0.0,0.0,0.0
14f03914-07c6-4c95-b877-970da010ce39,11,19,20,0.17272727272727273,0.3969696969696969,,2.4132831051237837,1.0,0.0,0.0,0.0
4bf2258f-145f-43f2-b6ab-e05dac919b30,8,23,35,0.4107142857142857,0.1987915636480367,1.3541666666666667,5.590985197365557,5.0,4.0,0.34523809523809523,0.22385035910805282
fbf1482f-e9d6-48ee-928d-9c0f1465c514,8,23,35,0.4107142857142857,0.1987915636480367,1.3541666666666667,5.590985197365557,3.0,2.0,0.0,0.3130148018378182
7ee1b993-b077-4b24-a347-eccea5858827,3,3,3,0.5,0.0,,1.0,2.0,1.0,0.5,0.0
03a2f791-a051-4666-b9e0-347460161b53,5,4,4,0.2,0.0,,0.0,1.0,0.0,0.0,0.0
aca80b04-2892-4c4f-888e-df76c7567817,10,25,27,0.2777777777777778,0.295397089415573,1.8333333333333333,3.379412657385018,2.0,1.0,0.020833333333333332,0.16321235123628303
bb89db40-cc3f-4041-bb40-f2dd98ec5ef4,0,0,0,,,,,,,,
9ae80932-88a0-46c4-906a-d92d4999f5a3,4,4,4,0.3333333333333333,0.0,,1.0,1.0,0.0,0.0,0.0
74bd4e36-7331-453b-a774-836d5d02f062,7,14,14,0.3333333333333333,0.5523809523809524,2.142857142857143,2.2286568791992405,2.0,1.0,0.16666666666666666,0.27772776164590723
57a1ff08-7356-4f00-bbef-dedd3511820f,8,8,8,0.14285714285714285,0.27083333333333337,,0.9999999999999999,1.0,0.0,0.0,0.0
5d6a2340-6590-4fe1-9c4a-50231981c1a3,9,16,17,0.2222222222222222,0.3333333333333333,,2.141457029384743,1.0,0.0,0.0,0.0
db3c376e-5207-4397-9d26-ed33a83fa345,3,2,2,0.3333333333333333,0.0,,0.0,1.0,0.0,0.0,0.0
fcfa19a3-f42f-4dea-b980-b3dd0ae90bf3,3,2,2,0.3333333333333333,0.0,,0.0,,,,
4d169b29-d271-42b3-bf7f-70dca093dbbe,3,2,2,0.3333333333333333,0.0,,0.0,1.0,0.0,0.0,0.0
374675b7-0c6f-48ab-8051-9b28007f7db1,8,11,14,0.19642857142857142,0.14868136462169626,,2.199884118104171,2.0,1.0,0.0,0.0
0ef3a93b-18c2-4b26-8ff5-6adf8579c4b1,9,12,15,0.16666666666666666,0.13216121299706335,,2.199884118104171,1.0,0.0,0.0,0.0
477a80b8-2b1b-401d-96d8-5115b5be49ad,9,12,15,0.16666666666666666,0.13216121299706335,,2.199884118104171,2.0,1.0,0.0,0.0
9a7af02b-ef2b-41a2-b2fe-0c033342cef8,10,13,16,0.14444444444444443,0.11894509169735701,,2.19988411810417,1.0,1.0,0.1111111111111111,0.0
f7a1cf4b-6c87-4bbe-9762-25dc35645490,6,10,12,0.3333333333333333,0.2824901312368591,,2.516343165275929,1.0,0.0,0.0,0.0
7fa0c22a-17d7-4517-964b-6bae5555f56d,2,1,1,0.5,0.0,,0.0,1.0,0.0,0.0,0.0
052bab71-4157-4598-99c6-b4d22f13e110,5,5,5,0.25,0.4333333333333334,,0.9999999999999999,1.0,0.0,0.0,0.0
47f57094-415a-48b6-81c9-327493fcb4a5,9,13,15,0.18055555555555555,0.0,,2.0910000773000976,1.0,2.0,0.07142857142857142,0.0
d6ce0839-87f8-48c0-9121-87e2d1032310,0,0,0,,,,,,,,
3d197463-15e7-4534-941b-998d61b05b41,2,1,1,0.5,0.0,,0.0,,,,
00cdf1f5-0fe3-4af6-b303-5d3742c4747b,4,3,3,0.25,0.0,,0.0,1.0,0.0,0.0,0.0
dc0ac988-3f23-4b8e-be6f-1342dc6679c3,3,3,3,0.5,0.0,,1.0,2.0,1.0,0.5,0.0
36015584-f450-4dc3-85b1-dca672169d80,4,3,3,0.25,0.0,,0.0,1.0,0.0,0.0,0.0
ada34db0-2814-449f-9d43-3e47f9452fba,4,3,3,0.25,0.0,,0.0,1.0,0.0,0.0,0.0
114ea3d5-b95a-4069-b461-c8eef8f45645,0,0,0,,,,,,,,
c926cc03-a6cf-486a-a7a4-0842ba9bf21e,6,6,6,0.2,0.38888888888888884,,0.9999999999999999,2.0,1.0,0.35000000000000003,0.0
1fdcee24-c37c-4e31-b1de-6f62e9fafc4b,6,6,6,0.2,0.38888888888888884,,0.9999999999999999,,,,
ec11ccd2-e976-4b5e-be7b-958599a7a146,4,3,3,0.25,0.0,,0.0,2.0,0.0,0.0,0.0
77d729d7-8cde-43cf-aedc-e71c4139f936,0,0,0,,,,,,,,
1c715553-ddc6-47ca-8cd3-b47a22b98998,7,7,7,0.16666666666666666,0.0,,0.9999999999999996,2.0,1.0,0.5,0.0
c41b4539-631d-46a9-bf7b-969c0a8a06a3,3,3,3,0.5,0.0,,1.0,1.0,0.0,0.0,0.0
8ce85e91-7595-4105-b1b9-fbef9a514cbb,3,3,3,0.5,0.0,,1.0,,,,
469fb32d-eee2-42ac-a5f7-f41fce3ab06a,2,1,1,0.5,0.0,,0.0,0.0,1.0,0.0,0.0
c9c21a0c-8bf4-4ac5-9751-191b24ff6492,0,0,0,,,,,,,,
815b0d8f-5e2f-4186-975e-1d6b3034e4ce,2,1,1,0.5,0.0,,0.0,,,,
cb5393d7-7266-47d9-8f01-6f5b2e29f18b,4,4,4,0.3333333333333333,0.0,,1.0,2.0,1.0,0.16666666666666666,0.0
8dd06075-7ff3-451c-b6b8-1c7303b93a7a,9,18,20,0.25,0.1999192005466003,2.0902777777777777,2.8313865289006332,2.0,1.0,0.15178571428571427,0.10501501621113928
ae41d0bf-149b-47ec-9d30-59ffe0585f84,9,14,15,0.19444444444444445,0.3090314812888984,2.6944444444444446,1.8275109063088086,2.0,1.0,0.10714285714285714,0.52519498577404
6d6b9bdf-4012-44eb-a865-f50a0756ac6a,3,2,2,0.3333333333333333,0.0,,0.0,1.0,0.0,0.0,0.0
ca418807-ef27-44e8-8bac-fb8d7363c7a3,11,20,27,0.18181818181818182,0.0726376213956969,2.0257575757575763,3.0252027114668776,2.0,1.0,0.044444444444444446,0.20909129351751946
d0f1337b-e701-40c7-b79f-93fdb139fca8,0,0,0,,,,,,,,
eabd44ea-9133-4a5e-8ac7-563b30de1ffe,3,3,5,0.5,0.0,,2.0000000000000004,1.0,0.0,0.0,0.0
cd1b1b5f-4444-4fba-8a0e-0990fdda83a7,5,6,6,0.3,0.0,2.2,1.2720196495140694,1.0,1.0,0.41666666666666663,0.36582856827153076
e6985eba-993d-4164-ad9e-5cee358f8916,0,0,0,,,,,,,,
bf52cf72-7765-4da6-8ac0-38d2fa7b68ee,3,2,2,0.3333333333333333,0.0,,0.0,1.0,0.0,0.0,0.0
4da1beec-972a-4986-8720-da71780eceb4,0,0,0,,,,,,,,
e3c2d7a0-01a0-4e36-b443-91a5476b598a,0,0,0,,,,,,,,
6333f948-763d-442d-9a16-b14d1c6aeb0d,2,1,1,0.5,0.0,,0.0,1.0,0.0,0.0,0.0
df860089-0e1c-4262-9f27-c30e8511f4a0,10,10,10,0.1111111111111111,0.0,,1.0000000000000002,2.0,1.0,0.16666666666666666,0.0
7d827fcc-5473-49e5-ad82-3ce7b969c17b,0,0,0,,,,,,,,
69077479-a638-4838-b54c-8e918a5350ad,3,2,2,0.3333333333333333,0.0,,0.0,,,,
3c231f08-f99b-48c6-b5bd-684f31a4ee14,0,0,0,,,,,,,,
54b69050-a308-4011-8cb5-e0f5d1ef5413,5,6,7,0.3,0.4666666666666666,,1.6180339887498962,3.0,2.0,0.5833333333333333,0.0
f466b13f-5057-408a-aeb1-a222d128ba22,5,7,7,0.35,0.5333333333333333,,1.6180339887498936,1.0,0.0,0.0,0.0
95c4ead2-38ea-4a5e-a973-d705a0552b18,5,7,7,0.35,0.5333333333333333,,1.6180339887498936,,,,
3aa1c41c-d7d7-4fa5-9071-3492d7801027,7,12,15,0.2857142857142857,0.14999060117796106,2.3452380952380953,2.8850741959241035,1.0,1.0,0.3,0.15046934032875844
6a352f47-6485-4163-a802-9f817fafae08,2,1,1,0.5,0.0,,0.0,1.0,0.0,0.0,0.0
5c583506-8bd9-4dcb-a300-90df976b806a,8,15,22,0.26785714285714285,0.3630380109054845,1.684523809523809,3.0168156160605837,3.0,2.0,0.0,0.2965251524570932
bb4c3ea2-0278-4be9-b803-262116e98b43,2,1,1,0.5,0.0,,0.0,1.0,0.0,0.0,0.0
434417ed-5698-4a29-9936-358cc3b66708,2,1,1,0.5,0.0,,0.0,1.0,0.0,0.0,0.0
b5ae28c3-cb20-493d-b682-f626840932d4,6,11,12,0.36666666666666664,0.611111111111111,,2.4811943040920155,3.0,2.0,0.35000000000000003,0.0
6fe5f4b6-f7c3-44c1-b4bd-95ed3f7b55c1,9,15,18,0.20833333333333334,0.1633230990604465,2.3333333333333335,2.0875774891853314,2.0,2.0,0.375,0.2570423758302025
c6eb6107-09bc-47fd-9f30-da9955b7d608,10,30,42,0.3333333333333333,0.2798608382808066,1.4537037037037037,4.692745123264006,5.0,4.0,0.16666666666666666,0.35669623138529205
b5b6cc88-4ee2-44ad-bb7e-a2ea8e358883,10,21,26,0.23333333333333334,0.03149802624737182,2.0,3.204579450110171,4.0,4.0,0.3472222222222222,0.53125622760818
409661d0-a947-4255-a640-1776ac1ede23,8,14,21,0.25,0.16824470207191947,,3.0871609187091695,1.0,0.0,0.0,0.0
e117102c-d4c1-4610-ab08-c7877441d742,4,3,3,0.25,0.0,,0.0,1.0,0.0,0.0,0.0
360afde3-2360-417f-b287-f7019b84680b,10,14,15,0.15555555555555556,0.0,3.0722222222222224,1.8655674387162449,2.0,1.0,0.38888888888888884,0.18846112747244514
a7463583-f8f4-412f-88d2-c7c834a4105d,2,1,1,0.5,0.0,,0.0,1.0,0.0,0.0,0.0
645eb80a-ff4a-433f-be95-e2e6378900c8,7,8,8,0.19047619047619047,0.3095238095238096,2.9285714285714284,1.1938591113212227,1.0,1.0,0.4,0.246886520078465
aa0325e3-4158-4f49-8025-7ea3464a7c15,2,1,1,0.5,0.0,,0.0,1.0,0.0,0.0,0.0
61796fa6-51f2-4327-9a4a-8ce3061138fb,2,1,1,0.5,0.0,,0.0,1.0,0.0,0.0,0.0
ad530050-f93b-472f-bb7f-893084f82c0b,2,1,1,0.5,0.0,,0.0,1.0,0.0,0.0,0.0
d5e04f50-0f60-4708-bde1-759f1d0f5894,10,23,29,0.25555555555555554,0.28911349233713857,2.118518518518519,3.8011483979439182,3.0,2.0,0.0,0.2448073314434202
00a88c45-9765-4c30-9334-b903240a08b1,10,23,29,0.25555555555555554,0.28911349233713857,2.118518518518519,3.8011483979439182,3.0,3.0,0.027777777777777776,0.45531330496152994
73ad5c99-6b0b-4885-b952-7fc60573d9b7,6,6,6,0.2,0.35000000000000003,,0.9999999999999999,1.0,0.0,0.0,0.0
1995f196-873a-41a9-82cb-4d02f9820485,6,6,7,0.2,0.0,,1.4142135623730951,1.0,1.0,0.2,0.0
3b0f8177-43ab-4849-88a7-3a32b82e13f2,4,3,3,0.25,0.0,,0.0,1.0,0.0,0.0,0.0
068e0faa-76eb-45c0-b593-2fe4d67593e7,5,8,11,0.4,0.33898815748423095,,2.334085267498261,4.0,3.0,0.41666666666666663,0.0
ae98e156-abf9-446b-9dcc-a3e9445fb2ed,2,1,1,0.5,0.0,,0.0,1.0,0.0,0.0,0.0
56a9f9f7-e9be-476d-bbff-f585f20f6a71,3,3,3,0.5,0.0,,1.0,1.0,0.0,0.0,0.0
8fe955ff-ad93-4899-afc5-d63cb51105b6,4,7,7,0.5833333333333334,0.8333333333333333,1.4166666666666667,1.8392867552141612,2.0,2.0,0.3333333333333333,0.5647928991043738
0f521099-6066-4bcc-9c17-86c9e8df453e,5,6,6,0.3,0.4666666666666666,,1.3247179572447452,1.0,0.0,0.0,0.0
b1eb5bd8-29a5-4595-8851-7fab15cd4580,3,2,2,0.3333333333333333,0.0,,0.0,1.0,0.0,0.0,0.0
347c50d3-0976-4531-935e-1603068c7171,5,6,6,0.3,0.4666666666666666,,1.0,2.0,1.0,0.41666666666666663,0.0
4243308a-98d5-4606-878c-b24f7e3d6436,5,6,6,0.3,0.4666666666666666,,1.0,,,,
ba681c4c-f520-4c50-baa6-ab762c963a61,2,1,1,0.5,0.0,,0.0,1.0,0.0,0.0,0.0
0b4667fc-257b-4538-b85b-ab5f9f8c1643,0,0,0,,,,,,,,
6f4e27cf-73d8-42da-934e-affa6c5679c9,2,1,1,0.5,0.0,,0.0,1.0,0.0,0.0,0.0
323dd7b9-279d-43b7-a7ed-df9976366da8,10,28,35,0.3111111111111111,0.37424568027417104,1.7722222222222221,4.579290829292211,5.0,4.0,0.0,0.4585340056567092
330f17c4-2155-40b4-ba0c-7cfe8dded159,6,5,6,0.16666666666666666,0.0,,1.4142135623730951,2.0,1.0,0.0,0.0
42d1a571-12fb-402e-a71f-c97406e1e607,8,9,9,0.16071428571428573,0.1875,,1.1938591113212234,1.0,0.0,0.0,0.0
66d26935-f0c5-4574-af05-2223f780e8b5,9,17,25,0.2361111111111111,0.07378243175852313,,4.8027608004002005,1.0,0.0,0.0,0.0
a38faed5-995c-4dbb-9216-76345fef3cc1,2,1,1,0.5,0.0,,0.0,1.0,0.0,0.0,0.0
57cf2298-1d5f-4ddc-b495-a7c5a1293725,2,1,1,0.5,0.0,,0.0,1.0,0.0,0.0,0.0
e569c7ae-0ac3-45cd-9aae-f049a03428f7,10,24,31,0.26666666666666666,0.31050746302479226,1.7972222222222223,3.9814055719091734,4.0,3.0,0.15277777777777776,0.38933791547652247
6807107f-cda7-4197-b8a2-bfa3fa3e14fa,9,22,27,0.3055555555555556,0.15183677678199234,,3.2896534772981516,5.0,3.0,0.07142857142857142,0.0
124c48e0-e083-4fee-9f6d-c1e9fe5eefcd,3,2,2,0.3333333333333333,0.0,,0.0,1.0,0.0,0.0,0.0
0bcb7edd-0d2e-45d9-a2eb-695e15a30e56,7,6,7,0.14285714285714285,0.2099868416491455,,1.2599210498948734,1.0,1.0,0.03333333333333333,0.0
a0f8cecf-9282-4671-b2d7-caa400ebbc95,2,1,1,0.5,0.0,,0.0,1.0,0.0,0.0,0.0
87919f54-9bbd-4166-8b87-69671048ff7c,3,2,2,0.3333333333333333,0.0,,0.0,1.0,0.0,0.0,0.0
52a6660d-96ce-42bf-97bc-b6eb01ccd5e4,8,15,15,0.26785714285714285,0.6208333333333333,,2.3310983454802363,2.0,1.0,0.15079365079365079,0.0
805033d1-301e-4dc5-baad-542dab282ff4,9,21,24,0.2916666666666667,0.5,,3.593946835452587,1.0,0.0,0.0,0.0
439065d1-ad52-4d1e-8739-dc8eadd99312,9,18,18,0.25,0.3703703703703704,2.236111111111111,2.17566967639433,3.0,2.0,0.20535714285714285,0.511512710969782
50082789-7bb3-4919-aeaa-38b0f575fa52,9,19,22,0.2638888888888889,0.2795346489483239,1.9375,2.956091584642027,3.0,2.0,0.09821428571428571,0.36667799910137494
e40c5604-86a5-4708-aa38-025385f81d26,7,11,18,0.2619047619047619,0.17979119511875893,,4.061980860550557,1.0,0.0,0.0,0.0
1255ee6c-125c-4ad0-bee3-9c8f6e2116a5,9,15,23,0.20833333333333334,0.12084351198911489,,4.077058684552821,4.0,3.0,0.26785714285714285,0.0
0cb17af2-dcd3-485a-9ca5-befb6e634f00,8,7,7,0.125,0.29166666666666663,,0.9999999999999999,1.0,0.0,0.0,0.0
39eaab58-b7b2-4ca4-9fa4-50eb871b7101,7,10,11,0.23809523809523808,0.4523809523809524,,1.949787524078608,1.0,0.0,0.0,0.0
916a4a46-5823-444d-9472-213c4104fa8e,3,2,2,0.3333333333333333,0.0,,0.0,1.0,0.0,0.0,0.0
ac9967b4-f720-4a0c-9505-abd47ae6ae13,9,16,17,0.2222222222222222,0.4333333333333333,2.2430555555555554,2.4560750925184287,4.0,3.0,0.5178571428571428,0.5273077878046187
13b84dff-8265-494a-8cb7-ed3d14a17f00,4,3,3,0.25,0.0,,0.0,1.0,0.0,0.0,0.0
d75a9f04-2133-444b-8f8f-a08ceb25a858,7,9,10,0.21428571428571427,0.11904761904761904,2.7857142857142856,1.3880935088896755,2.0,1.0,0.4666666666666667,0.5808363634888108
0d31867c-3cd9-48fe-8549-1be0a48ede76,4,3,3,0.25,0.0,,0.0,1.0,0.0,0.0,0.0
634fa2d4-46bb-4b8b-8ce9-34637603d0d5,6,7,7,0.23333333333333334,0.27777777777777773,,1.3247179572447452,,,,
f80ee030-3e40-433f-ac02-7b1c011bea84,6,7,7,0.23333333333333334,0.0,2.6666666666666665,1.2365057033915001,2.0,2.0,0.7000000000000001,0.5591357136006981
5b8908e9-865e-46b1-b1df-5b8f6c4b9056,2,1,1,0.5,0.0,,0.0,1.0,0.0,0.0,0.0
0ea4e208-097f-498b-bfbc-2a39cf755f19,10,12,13,0.13333333333333333,0.0,,1.7653984313948072,1.0,0.0,0.0,0.0
c3871fef-f58b-4401-be6e-76f47a795c4e,8,8,8,0.14285714285714285,0.29166666666666663,1.75,1.3247179572447472,1.0,0.0,0.0,0.0
87010125-117a-4571-a62b-4345f4885d70,8,8,8,0.14285714285714285,0.27083333333333337,,0.9999999999999999,1.0,1.0,0.09523809523809523,0.0
8e5a686b-1115-4ba2-9d63-04cb38e685c9,2,1,1,0.5,0.0,,0.0,1.0,0.0,0.0,0.0
acbfb3a8-6469-4ab0-b391-c1308e661799,6,7,7,0.23333333333333334,0.27777777777777773,,1.324717957244746,1.0,0.0,0.0,0.0
f26e400c-f1e4-4293-a3cd-ad4705a38e8f,11,27,33,0.24545454545454545,0.34673611271598637,,4.1127822980939035,5.0,4.0,0.23333333333333334,0.0
f2e5963e-6bf6-4d29-8b23-0e736213300b,2,1,1,0.5,0.0,,0.0,1.0,0.0,0.0,0.0
076cd6ba-eb1f-4ab5-9fcc-cd2fe8242a03,9,19,27,0.2638888888888889,0.18545893379321454,,4.936035890859518,1.0,0.0,0.0,0.0
c554ca99-a058-4c2a-aee1-e6db783bd159,4,6,8,0.5,0.5833333333333334,,2.1149075414767555,,,,
34b7332c-6c9a-418d-8b9d-8e7051e4eb1c,9,19,28,0.2638888888888889,0.1319912820392134,,4.673247339876168,1.0,0.0,0.0,0.0
026b70bb-f466-414f-ab42-ea78913ed33f,9,20,33,0.2777777777777778,0.1816291810567752,,5.463934105857972,1.0,0.0,0.0,0.0
6399ab69-693b-4133-9db8-5fa356ff7ff2,6,9,10,0.3,0.3888888888888889,,1.7320508075688772,3.0,2.0,0.25,0.0
cfc2c881-aa53-456f-b264-f07e54c71e50,2,1,1,0.5,0.0,,0.0,1.0,0.0,0.0,0.0
d24074ce-8755-464b-a571-1410e818c108,10,16,16,0.17777777777777778,0.30666666666666664,,1.9007310722982256,2.0,1.0,0.0,0.0
abc0866f-3aa9-48da-93e3-76607762379a,0,0,0,,,,,,,,
93d904b6-833f-44af-9510-4e4992a6b508,3,2,2,0.3333333333333333,0.0,,0.0,1.0,0.0,0.0,0.0
c1195253-9cf3-4e90-9ea8-a08cda44619b,4,3,3,0.25,0.0,,0.0,,,,
47548962-cb46-43f1-b770-c92667223c10,6,5,5,0.16666666666666666,0.0,,0.0,1.0,0.0,0.0,0.0
9f68d00c-90ef-4d5c-94dd-cf221ca29534,2,1,1,0.5,0.0,,0.0,1.0,0.0,0.0,0.0
060082ee-d0e7-4741-b1d3-3ff14f6adb90,2,1,1,0.5,0.0,,0.0,1.0,0.0,0.0,0.0
560da675-73de-432a-969e-11e1fccd8e3a,3,2,2,0.3333333333333333,0.0,,0.0,1.0,0.0,0.0,0.0
174505c2-664a-4d98-aad9-3f1093bf795d,6,4,4,0.13333333333333333,0.0,,0.0,1.0,0.0,0.0,0.0
7b7e1a10-7f5f-4d26-b918-a562d4264294,8,11,11,0.19642857142857142,0.1875,2.9285714285714284,1.4707888228549235,2.0,1.0,0.41666666666666663,0.31807814989307365
bad58b17-fb47-40b0-ad9e-f04f7d971e32,4,3,3,0.25,0.0,,0.0,1.0,0.0,0.0,0.0
dd1bd9b5-ad51-48ec-97e2-27727f544625,4,3,3,0.25,0.0,,0.0,,,,
7fc54483-0625-42fa-8a49-37383ace9c9f,8,11,11,0.19642857142857142,0.3958333333333333,,1.6180339887498953,1.0,0.0,0.0,0.0
bc85f688-dd48-4aea-bb30-7ff754bd9b98,2,1,1,0.5,0.0,,0.0,1.0,0.0,0.0,0.0
e52f4b8a-c11c-43b3-8949-d5998cdf7dfe,4,3,3,0.25,0.0,,0.0,1.0,0.0,0.0,0.0
90b6bc5e-e4b7-4b30-a33c-c5611d3809d9,3,3,4,0.5,0.0,,1.4142135623730951,1.0,0.0,0.0,0.0
ffe0cb9e-1d53-4cf5-9e08-b1b3f21d3911,4,3,3,0.25,0.0,,0.0,1.0,0.0,0.0,0.0
275da5de-6ced-4def-a639-fdea406c8308,4,3,3,0.25,0.0,,0.0,1.0,0.0,0.0,0.0
00f53aeb-19e1-4a97-8826-45cf676596bd,0,0,0,,,,,,,,
eccb00bb-acf3-4788-a4cb-57d617fd57f4,2,1,1,0.5,0.0,,0.0,1.0,0.0,0.0,0.0
f87cf155-1404-4e36-add7-a2165c38b209,10,19,22,0.2111111111111111,0.13999999999999999,2.1555555555555554,2.699504944377198,3.0,2.0,0.16666666666666666,0.5708167704603988
97e00f1c-8693-464e-a7a4-fcf06568f5bc,7,10,13,0.23809523809523808,0.18898815748423095,,2.3829757679062378,1.0,0.0,0.0,0.0
ba78d598-fa40-4f9a-b5fa-5d60a6cf9663,6,11,14,0.36666666666666664,0.3082121341532338,,3.1409233426082337,1.0,0.0,0.0,0.0
c6cfad25-1b20-41e4-b1e8-f4e04e00f917,6,11,14,0.36666666666666664,0.3082121341532338,,3.1409233426082337,2.0,2.0,0.0,0.0
c4836e8b-b534-4415-bf62-39cbe5f3bd11,3,2,2,0.3333333333333333,0.0,,0.0,1.0,0.0,0.0,0.0
9dd32137-bc45-4746-be89-cde55a2ba02a,9,13,13,0.18055555555555555,0.25925925925925924,,1.6641190925647795,2.0,1.0,0.125,0.0
d5c2a615-ca75-4be8-ac0c-2242345456a1,8,11,11,0.19642857142857142,0.0,3.107142857142857,1.414213562373095,1.0,2.0,0.45238095238095233,0.25
b41aeef4-5600-4587-9c86-b9b4deda1e14,9,29,37,0.4027777777777778,0.36659975399426314,1.4166666666666667,4.657050631355855,3.0,3.0,0.09672619047619048,0.15283960126555773
d98fec59-0de2-4cc0-8664-50c218404e83,7,7,8,0.16666666666666666,0.0,,1.1224620483093728,1.0,0.0,0.0,0.0
d52d42f9-4699-4562-b4d5-a0007613f9c8,7,6,6,0.14285714285714285,0.0,,0.0,1.0,0.0,0.0,0.0
6da40aea-5006-4902-ac28-d3aa2b9addfe,2,2,2,1.0,0.0,1.0,1.0,1.0,1.0,0.0,0.0
edf76979-b202-4ab7-9f07-2fc046885c2d,9,13,13,0.18055555555555555,0.16666666666666666,,1.8392867552141592,1.0,0.0,0.0,0.0
27037aa8-470a-4626-8f97-026d8c84b185,3,2,2,0.3333333333333333,0.0,,0.0,1.0,0.0,0.0,0.0
a80e47de-35cc-47a4-8ad3-767836b010c6,0,0,0,,,,,,,,
2b2439b6-9828-4dbe-b3ac-9adb41da1b1d,7,6,6,0.14285714285714285,0.0,,0.0,2.0,0.0,0.0,0.0
cc3427d0-a618-49a5-84bf-b9b2c79c4d6c,3,2,2,0.3333333333333333,0.0,,0.0,1.0,0.0,0.0,0.0
38e5bc9c-78c1-417a-81a2-42479d4569e6,2,1,1,0.5,0.0,,0.0,1.0,0.0,0.0,0.0
5fbe5edf-bfaa-4257-ad5a-220d8a9bb8da,10,24,28,0.26666666666666666,0.23976521924807268,2.0722222222222224,3.1683426989508297,2.0,1.0,0.29166666666666663,0.2539567668518006
17f17d10-0361-43dd-95e8-62d119453f99,2,1,1,0.5,0.0,,0.0,1.0,0.0,0.0,0.0
db9ae937-6b5c-4f90-8b47-fdf4f27786d5,6,9,10,0.3,0.2824901312368591,,2.1038034027355366,4.0,3.0,0.65,0.0
74ba22d6-f06f-483f-b861-63f90580fbe4,2,1,1,0.5,0.0,,0.0,1.0,0.0,0.0,0.0
8ae9d212-2ada-45b7-8a2b-7e626cc15bbc,8,15,17,0.26785714285714285,0.3011279097449422,,2.5742764610223117,1.0,0.0,0.0,0.0
dfc23d71-49a7-40a0-bd2c-44840b3dc103,8,8,8,0.14285714285714285,0.0,,1.0,1.0,0.0,0.0,0.0
5665403a-4a89-4064-bf8b-01f7d557f2f1,7,12,14,0.2857142857142857,0.21353577690286898,,2.490162864584492,1.0,0.0,0.0,0.0
1b0d2684-0805-4204-834f-ea37500599db,2,1,1,0.5,0.0,,0.0,1.0,0.0,0.0,0.0
88776c4f-596f-4ee0-83fd-097d0e4f83ce,4,2,2,0.16666666666666666,0.0,,0.0,1.0,0.0,0.0,0.0
e682b085-e238-4da1-a569-8c90c6efe737,10,21,24,0.23333333333333334,0.17410535768865557,,3.0742493723530693,2.0,1.0,0.09722222222222221,0.0
d759adec-4c7c-468f-815f-08067d531ca2,3,3,3,0.5,1.0,1.5,0.9999999999999999,1.0,1.0,0.5,0.5773502691896258
81d025d7-5884-47ad-95da-737b7b0c0f95,5,4,4,0.2,0.0,,0.0,1.0,0.0,0.0,0.0
f57f63cd-7c41-4327-a0fb-0e38f49cae30,9,17,19,0.2361111111111111,0.25446395302195046,,2.5847924798981996,1.0,0.0,0.0,0.0
f7cbb648-eec1-4b9e-922f-5752f563f019,0,0,0,,,,,,,,
6cde5e2b-e4d2-4b5c-84d6-2099a21ddfc6,3,2,2,0.3333333333333333,0.0,,0.0,1.0,0.0,0.0,0.0
06d84163-d171-4a72-a325-e5cd4355dd27,4,4,4,0.3333333333333333,0.0,2.0,1.0000000000000002,1.0,1.0,0.5,0.49999999999999994
a4edc69f-f0f7-430c-a367-51a72a525730,3,2,2,0.3333333333333333,0.0,,0.0,1.0,0.0,0.0,0.0
a9dca599-1e3d-449c-a90f-748d24a0ec03,3,2,2,0.3333333333333333,0.0,,0.0,1.0,0.0,0.0,0.0
4f1dea41-77d1-4445-9586-218cbe3a5868,4,3,3,0.25,0.0,,0.0,1.0,0.0,0.0,0.0
0dc1e36d-6ea9-4030-aea5-71aaef3d7162,9,9,9,0.125,0.0,,1.0,1.0,0.0,0.0,0.0
e36045f1-0693-4d2c-9875-8cef880e2844,2,1,1,0.5,0.0,,0.0,1.0,0.0,0.0,0.0
85e565bb-80fc-4a56-b3b1-b8ea24a6d904,4,3,3,0.25,0.0,,0.0,1.0,0.0,0.0,0.0
a861f4a3-b93a-43aa-93e2-54de347bd750,9,22,27,0.3055555555555556,0.23650799183783489,1.7337962962962952,3.4764262980864404,3.0,3.0,0.05357142857142857,0.31670875296980433
23427aaa-0911-45a8-8b0a-15e835616257,5,3,3,0.15,0.0,,0.0,1.0,0.0,0.0,0.0
8e4846a9-c97e-42b7-b219-023fec7d93d2,6,4,4,0.13333333333333333,0.0,,0.0,1.0,0.0,0.0,0.0
9da39a45-ab5c-4835-969e-e2f9fcf5678b,3,3,3,0.5,0.0,,1.0,,,,
6027b96c-f6af-4db5-a43f-374ef60d6c2e,2,1,1,0.5,0.0,,0.0,1.0,0.0,0.0,0.0
970bb83f-ebe2-48ac-9d61-75afcb2026a5,10,18,24,0.2,0.07499999999999998,,3.736805748667598,1.0,0.0,0.0,0.0
fb3e4261-26e0-45e3-8f54-a7ce7661e65e,2,1,1,0.5,0.0,,0.0,1.0,0.0,0.0,0.0
e7cb1597-fdbd-4607-a3ce-70d0a1bf097d,9,14,15,0.19444444444444445,0.2222222222222222,,2.1700864866260323,1.0,0.0,0.0,0.0
dda91cf4-6be6-4337-8263-92989e8e09a3,6,6,6,0.2,0.0,,1.0,1.0,2.0,0.2,0.0
e3498422-e3ce-4ac5-99fc-30aa04d876b4,7,10,10,0.23809523809523808,0.23809523809523808,,1.6837715645655842,3.0,2.0,0.26666666666666666,0.0
d36d28d3-be36-46b1-bf09-9d3e8b20f3ee,8,8,8,0.14285714285714285,0.0,,1.0000000000000002,1.0,1.0,0.0,0.0
df5eca50-7090-494a-8484-64ea250c5cb4,4,4,4,0.3333333333333333,0.0,,1.0,0.0,1.0,0.0,0.0
897fce1e-00c2-4316-bf86-2ca40d78213e,2,1,1,0.5,0.0,,0.0,1.0,0.0,0.0,0.0
e8be723d-1aba-48b9-89e9-9d2531913ae7,5,5,5,0.25,0.0,,1.0000000000000002,1.0,0.0,0.0,0.0
0823daad-6e31-4eb1-a94b-8b054ac6128e,4,4,5,0.3333333333333333,0.0,,1.4142135623730951,1.0,0.0,0.0,0.0
2860fc95-0c6b-42b9-ad7e-053c421c3068,7,10,10,0.23809523809523808,0.6666666666666667,,1.6180339887498953,1.0,1.0,0.16666666666666666,0.0
9bd250c7-8d70-4fb5-bb4e-bb63d84cb7ad,3,4,4,0.6666666666666666,1.0,1.3333333333333333,1.3247179572447452,2.0,1.0,0.5,0.7265173980555676
f05b6edb-4ca7-4cfa-842e-77754f338b1c,3,2,2,0.3333333333333333,0.0,,0.0,1.0,0.0,0.0,0.0
d34bf01b-114a-4cc1-aa40-aef5fe60a392,4,3,3,0.25,0.0,,0.0,2.0,0.0,0.0,0.0
fd3d4479-66f2-4a04-adb0-a9591a33cb5e,8,10,10,0.17857142857142858,0.31666666666666665,,1.5213797068045674,1.0,0.0,0.0,0.0
ebda04cb-5e23-4854-9ea3-067adf0beefb,2,1,1,0.5,0.0,,0.0,1.0,0.0,0.0,0.0
e8b4d9d9-3036-4861-bee0-dc695f90af8f,7,13,13,0.30952380952380953,0.45714285714285713,,2.1101930111461717,,,,
214271bb-9b31-4985-8979-4746e5dee9fd,6,6,7,0.2,0.24498464859066973,,1.2599210498948734,0.0,1.0,0.0,0.0
b9024265-7499-4cb0-9e3f-2ba196c09be1,3,2,2,0.3333333333333333,0.0,,0.0,1.0,0.0,0.0,0.0
9b5d1c04-bf74-497b-a0da-799bea662d57,8,12,13,0.21428571428571427,0.21186759842764435,,1.618033988749895,2.0,1.0,0.11904761904761904,0.0
78722261-ff71-4e47-82e7-70f3ff152946,2,1,1,0.5,0.0,,0.0,1.0,0.0,0.0,0.0
6a8e26a0-c5c2-4c5c-912c-2d314f9b5a39,9,16,17,0.2222222222222222,0.2,,2.333324331957128,4.0,4.0,0.5178571428571428,0.0
41215e06-a33a-448a-ae67-0526fd1c0848,2,1,1,0.5,0.0,,0.0,,,,
3b9bfdf9-d062-4ed6-a6fd-40eec7c0899d,5,3,3,0.15,0.0,,0.0,1.0,0.0,0.0,0.0
f16d7b24-5b85-4e48-af7a-94c8c6b19934,4,3,3,0.25,0.0,,0.0,1.0,0.0,0.0,0.0
f3a5dcb2-514c-43ee-bb5d-ddaceed64808,5,4,4,0.2,0.0,,0.0,2.0,1.0,0.3333333333333333,0.0
c0ffe323-fd27-4ae3-9adb-2cecfa487eca,6,9,9,0.3,0.4166666666666667,2.033333333333333,1.7106440950450312,,,,
b3632fea-207b-41be-b62a-9d4f32fb05ea,6,8,9,0.26666666666666666,0.0,,1.4142135623730951,2.0,2.0,0.4,0.0
3043863b-a979-4347-811c-eaee227cc2df,6,6,7,0.2,0.0,,1.4142135623730951,2.0,2.0,0.30000000000000004,0.0
f229c20b-f5e8-41f6-9162-6d72055acad0,2,1,1,0.5,0.0,,0.0,1.0,0.0,0.0,0.0
658c81ac-b0b2-42f3-80b7-333f1e47fd17,4,3,3,0.25,0.0,,0.0,1.0,0.0,0.0,0.0
4006cc6d-1c54-41d2-8ae9-e5c0b030a318,4,5,6,0.4166666666666667,0.3674769728860046,,1.7692923542386316,1.0,0.0,0.0,0.0
37f1ef70-3ccc-4b47-83e6-97a1b96968e4,9,16,19,0.2222222222222222,0.17014259240000956,,2.7805638341982104,1.0,0.0,0.0,0.0
1b88ef62-a526-4845-95e9-69eca2a98021,4,4,4,0.3333333333333333,0.5833333333333333,,0.9999999999999999,1.0,0.0,0.0,0.0
070d6d04-646d-465d-a6d0-a9dcedf441d8,5,4,4,0.2,0.6,1.5,0.9999999999999999,1.0,0.0,0.0,0.0
ca5084f2-ddff-45ed-b303-378debb46f7a,7,8,8,0.19047619047619047,0.0,,1.0,2.0,0.0,0.0,0.0
8980e9c6-877c-4163-b549-9ee6f4a39677,3,3,3,0.5,1.0,1.5,0.9999999999999999,1.0,1.0,0.5,0.5773502691896258
8b5960c9-32a2-44ad-a08f-b1c37e2aa365,3,3,3,0.5,1.0,1.5,0.9999999999999999,1.0,1.0,0.5,0.5773502691896256
5574850e-2480-4ccf-891e-d112e848ded4,10,15,16,0.16666666666666666,0.3039583769056283,3.0277777777777777,1.7982890951975758,2.0,1.0,0.1111111111111111,0.1125224942487165
ceb3caa1-56d5-4fed-a5f7-845b5dfabc79,2,1,1,0.5,0.0,,0.0,1.0,0.0,0.0,0.0
a26dc878-b726-4fa6-8401-45b5b3a5b145,3,2,2,0.3333333333333333,0.0,,0.0,1.0,0.0,0.0,0.0
e773b1a9-8875-41ef-8799-2404acba0bb0,6,6,6,0.2,0.0,,1.0,1.0,0.0,0.0,0.0
f4c7c89d-26a5-4b3e-9a59-b97c17301343,4,3,3,0.25,0.0,,0.0,1.0,0.0,0.0,0.0
c6fe0c0f-32f4-4c9c-8b95-ec654099dc48,11,32,36,0.2909090909090909,0.27159995991611896,,4.06532883613597,3.0,2.0,0.020370370370370372,0.0
510a9df3-c49b-4eee-b8f9-0effd90ccb23,7,6,6,0.14285714285714285,0.0,,0.0,1.0,0.0,0.0,0.0
9cce3988-35c0-45ef-ba65-2ff852e2f474,6,8,8,0.26666666666666666,0.0,,1.618033988749895,1.0,0.0,0.0,0.0
fccefdfb-ff58-4f33-8824-7b0c8ca1ec3f,5,10,13,0.5,0.2873860585931277,1.4583333333333333,3.0702198848726834,3.0,1.0,0.0,0.46485491827724174
8b5eef3f-9872-4b71-b75d-98ed4d322bed,3,3,3,0.5,0.0,,1.0,,,,
7234011a-02b8-43c5-b25a-4c3d7e0d6d44,5,5,5,0.25,0.0,1.3333333333333333,1.414213562373095,1.0,1.0,0.0,0.0
eb3bdb0f-c8c1-472c-9297-4f624735f22d,0,0,0,,,,,,,,
3a26ee43-c3f1-42d7-a8f6-bfd82f695910,0,0,0,,,,,,,,
12a24a9b-3c9c-45d4-989f-066a49816a44,4,2,2,0.16666666666666666,0.0,,0.0,1.0,0.0,0.0,0.0
64789666-5896-4fef-96c1-25018916f804,3,2,2,0.3333333333333333,0.0,,0.0,1.0,0.0,0.0,0.0
29219c51-1ff4-4fb0-958e-dfb370dcdd43,8,10,10,0.17857142857142858,0.20833333333333331,,1.6180339887498947,2.0,2.0,0.023809523809523808,0.0
ddadd240-6377-490e-a404-b37b67a30fd4,10,23,30,0.25555555555555554,0.29579465254146214,,4.291025214882067,2.0,1.0,0.013888888888888888,0.0
d2e0289b-8116-4401-a890-c839d2722444,3,2,2,0.3333333333333333,0.0,,0.0,1.0,0.0,0.0,0.0
a30d89a2-2b69-4712-932b-e215bcbca259,9,13,17,0.18055555555555555,0.0,,2.3636718439182256,2.0,0.0,0.0,0.0
c9e956a8-01d9-457c-b769-8edb6a175cf2,7,7,8,0.16666666666666666,0.0,,1.0000000000000002,3.0,0.0,0.0,0.0
89cac510-30de-4a23-9d36-f4d8e64ec46d,7,7,8,0.16666666666666666,0.0,,1.0000000000000002,1.0,1.0,0.16666666666666666,0.0
ff742b91-ad13-4bb6-a6ac-9039843f3d2e,2,1,1,0.5,0.0,,0.0,1.0,0.0,0.0,0.0
3e79b7f1-d85d-478c-adf5-e15f0217a044,6,5,5,0.16666666666666666,0.0,,0.0,1.0,0.0,0.0,0.0
12c85765-6939-456e-b849-14c86c9a026f,7,7,7,0.16666666666666666,0.0,,0.0,2.0,0.0,0.0,0.0
6a95128e-5f15-4ffe-ad0b-158a7d78a336,10,14,14,0.15555555555555556,0.30333333333333334,,1.22074408460576,2.0,1.0,0.05555555555555555,0.0
da8142d4-8b0f-4160-be3a-ab943784b41c,9,10,10,0.1388888888888889,0.0,,1.2720196495140694,3.0,2.0,0.375,0.0
bfba8be0-806c-4697-9286-d6fa2bb0e9f5,10,20,24,0.2222222222222222,0.1097663806719023,1.95,3.136299919206365,1.0,1.0,0.041666666666666664,0.11967374047443974
5db47ee0-323d-4899-b47b-547ba70d5abc,0,0,0,,,,,,,,
3ad75026-2a0f-4f17-9a68-1b9a086fad6a,2,2,2,1.0,0.0,1.0,1.0,1.0,1.0,0.0,0.0
b5ae6424-68a1-45ee-970c-09bb0da70d2d,8,10,11,0.17857142857142858,0.3333333333333333,,1.7106440950450323,2.0,1.0,0.0,0.0
22ebd8d3-f37d-4bd2-9e80-80aeb566227f,5,5,5,0.25,0.0,,1.0,1.0,0.0,0.0,0.0
69c1e706-38c3-4454-8973-190be89d3db6,9,17,19,0.2361111111111111,0.13773884009006176,,2.6255196143077204,1.0,0.0,0.0,0.0
db5479ef-0a0d-4c34-a06a-bce5104675b7,8,14,15,0.25,0.22815811373861122,,2.648612490609585,1.0,0.0,0.0,0.0
9646980b-5716-4da5-a785-a352a3d408e3,8,11,13,0.19642857142857142,0.29166666666666663,,2.4717121817351884,1.0,0.0,0.0,0.0
3cee8863-208b-4422-8c54-f688fbf98b8e,6,6,6,0.2,0.0,,1.0000000000000002,2.0,1.0,0.45,0.0
0f8c8e57-3769-408b-a168-1ccb683d4d6f,0,0,0,,,,,,,,
a8928e40-d501-44cb-b327-3a75044baed9,10,17,22,0.18888888888888888,0.1320932892410642,,2.8824097446675,5.0,3.0,0.4861111111111111,0.0
55836a80-19f4-4481-b513-1c21e6b1919b,8,7,7,0.125,0.0,,0.0,1.0,0.0,0.0,0.0
2cd6697c-aa9b-4978-a76e-26aef2112c31,5,4,4,0.2,0.0,,0.0,1.0,0.0,0.0,0.0
8f5f8f90-bbbe-4f4f-bbbe-11a2d64d342d,4,3,3,0.25,0.0,,0.0,1.0,0.0,0.0,0.0
1ca8d41b-9d7e-4ce1-81c1-8faa57b3d828,4,3,3,0.25,0.0,,0.0,1.0,1.0,0.3333333333333333,0.0
a9aeffde-608f-479a-8195-c6cff7363b53,8,13,14,0.23214285714285715,0.3205688591473934,,2.321025830491018,1.0,0.0,0.0,0.0
25b25579-2f18-4333-a5a6-8571e4212871,10,26,27,0.28888888888888886,0.24819966774321683,,3.3304213341729856,1.0,0.0,0.0,0.0
3a370e4d-7507-4970-bd41-0f85c483b328,6,5,5,0.16666666666666666,0.0,,0.0,1.0,0.0,0.0,0.0
bc158e00-f1d4-4c64-be24-9cedf6e19e50,0,0,0,,,,,,,,
cc2b7576-f295-4b8e-ab4c-cd5f437aa3d4,10,14,14,0.15555555555555556,0.18333333333333332,,1.8250783488808167,1.0,0.0,0.0,0.0
52adeea9-da77-4a26-91ce-a6802ca8d9a4,8,9,9,0.16071428571428573,0.20833333333333331,,1.324717957244746,1.0,0.0,0.0,0.0
8fd7eb39-3e99-4ca3-a26c-53cf0a9dc310,2,1,1,0.5,0.0,,0.0,1.0,0.0,0.0,0.0
036aab1b-c275-4d03-b0b7-07b80094acef,9,23,30,0.3194444444444444,0.2816634110259257,1.6944444444444444,4.017503913703809,1.0,1.0,0.03571428571428571,0.12916642055656447
7637a832-f82c-4708-b296-1701481e05ac,10,27,35,0.3,0.3204846113376305,,4.439527632824134,2.0,1.0,0.034722222222222224,0.0
79a23925-3852-4f56-964f-f92661681722,4,3,3,0.25,0.0,,0.0,1.0,0.0,0.0,0.0
1139940d-789e-461e-983e-036dddae7e81,2,2,2,1.0,0.0,1.0,1.0,1.0,1.0,0.0,0.0
55ead603-af88-4f99-89d1-11b1c3ae177b,3,2,2,0.3333333333333333,0.0,,0.0,1.0,0.0,0.0,0.0
62817480-1c22-419f-a348-6a7aa4757f95,2,1,1,0.5,0.0,,0.0,,,,
28fbde42-b785-47cc-847a-bd45e3d333fd,8,8,8,0.14285714285714285,0.0,,1.0,2.0,1.0,0.14285714285714285,0.0
e2a50255-e1bf-48e0-98e4-d86d96fe15a1,8,8,8,0.14285714285714285,0.0,,1.0,1.0,1.0,0.23809523809523808,0.0
22fddac8-50b0-441c-b551-e3456b0e15c1,5,4,4,0.2,0.0,,0.0,1.0,0.0,0.0,0.0
7cd2a8e8-cdf3-4b5a-9c57-453f63dcccb8,6,5,5,0.16666666666666666,0.0,,0.0,1.0,0.0,0.0,0.0
ffc61678-fba6-4df8-a412-83e555c9fca5,3,2,2,0.3333333333333333,0.0,,0.0,1.0,0.0,0.0,0.0
ee957b56-86df-4fa1-8bdd-9bc7feeebffa,9,14,14,0.19444444444444445,0.2592592592592593,,1.6823781168884908,2.0,1.0,0.04464285714285714,0.0
05f6964d-1776-4c5c-996c-3447802324a3,4,3,3,0.25,0.0,,0.0,1.0,0.0,0.0,0.0
3ac9442d-4761-434a-8409-bb118a57061a,3,2,2,0.3333333333333333,0.0,,0.0,1.0,0.0,0.0,0.0
472065ff-587c-4477-a070-5970ed2ebf65,9,12,12,0.16666666666666666,0.2962962962962963,,1.22074408460576,2.0,1.0,0.08928571428571427,0.0
251eb8fc-dd8b-4b21-9db3-5f5c97499d07,6,6,6,0.2,0.27777777777777773,,0.9999999999999999,1.0,0.0,0.0,0.0
f95aaf60-8e75-4bf5-a51f-b0626254f979,6,10,10,0.3333333333333333,0.5833333333333333,,1.9497875240786045,2.0,1.0,0.0,0.0
2fa0470b-b096-4e0f-8f7e-5c3bdc27abbd,3,3,3,0.5,0.0,,1.0,1.0,1.0,0.0,0.0
3fd1b5d6-f4a7-405d-be71-58f35782e15c,7,8,8,0.19047619047619047,0.21428571428571427,,1.324717957244746,1.0,1.0,0.2,0.0
7d9b770d-fe1c-481a-a4dc-bf99d71705e6,3,2,2,0.3333333333333333,0.0,,0.0,1.0,0.0,0.0,0.0
c4646c6d-3ed0-4c4e-bd24-98b8157fce90,8,10,10,0.17857142857142858,0.20833333333333331,,1.490216120099952,1.0,1.0,0.0,0.0
64390818-5404-4d83-ab41-07af760ffa7d,2,1,1,0.5,0.0,,0.0,1.0,0.0,0.0,0.0
4dbe152a-6aa2-46c1-93c2-d1cb3acab04d,6,7,9,0.23333333333333334,0.0,,1.9999999999999996,1.0,0.0,0.0,0.0
5df16513-d372-4a46-9661-09c10341a40b,8,8,8,0.14285714285714285,0.0,,1.0,2.0,1.0,0.14285714285714285,0.0
c8521aea-0248-4c7c-9036-c103ff5e2416,2,1,1,0.5,0.0,,0.0,1.0,0.0,0.0,0.0
f8cd5da5-6a20-41ad-8794-4397b76a11cf,8,9,10,0.16071428571428573,0.0,,1.4142135623730951,1.0,0.0,0.0,0.0
bcea08d2-3377-4014-a452-aec0bed0d80e,3,2,2,0.3333333333333333,0.0,,0.0,1.0,0.0,0.0,0.0
370ef086-b3b1-4f8b-bc58-9de8a0dbca5d,2,1,1,0.5,0.0,,0.0,1.0,0.0,0.0,0.0
